Id,Level,Assessment,Section,Title,RecommendedState,Mechanism,RegistryKey,RegistryValue,Notes
1.1.1,L1,Automated,1,"Ensure 'Enforce password history' is set to '24 or more password(s)'","24 or more password(s)",INF [System Access],"","",""
1.1.2,L1,Automated,1,"Ensure 'Maximum password age' is set to '365 or fewer days, but not 0'","365 or fewer days, but not 0",INF [System Access],"","",""
1.1.3,L1,Automated,1,"Ensure 'Minimum password age' is set to '1 or more day(s)'","1 or more day(s)",INF [System Access],"","",""
1.1.4,L1,Automated,1,"Ensure 'Minimum password length' is set to '14 or more character(s)'","14 or more character(s)",INF [System Access],"","",""
1.1.5,L1,Automated,1,"Ensure 'Password must meet complexity requirements' is set to 'Enabled'","Enabled",INF [System Access],"","",""
1.1.6,L1,Automated,1,"Ensure 'Relax minimum password length limits' is set to 'Enabled'","Enabled",RegistrySettings-Standalone.ps1,"HKLM\System\CurrentControlSet\Control\SAM","RelaxMinimumPasswordLengthLimits","agreed"
1.1.7,L1,Automated,1,"Ensure 'Store passwords using reversible encryption' is set to 'Disabled'","Disabled",INF [System Access],"","",""
1.2.1,L1,Automated,1,"Ensure 'Account lockout duration' is set to '15 or more minute(s)'","15 or more minute(s)",INF [System Access],"","",""
1.2.2,L1,Automated,1,"Ensure 'Account lockout threshold' is set to '5 or fewer invalid logon attempt(s), but not 0'","5 or fewer invalid logon attempt(s), but not 0",INF [System Access],"","",""
1.2.3,L1,Manual,1,"Ensure 'Allow Administrator account lockout' is set to 'Enabled'","Enabled",INF [System Access],"","",""
1.2.4,L1,Automated,1,"Ensure 'Reset account lockout counter after' is set to '15 or more minute(s)'","15 or more minute(s)",INF [System Access],"","",""
2.2.1,L1,Automated,2,"Ensure 'Access Credential Manager as a trusted caller' is set to 'No One'","No One",INF [Privilege Rights],"","",""
2.2.2,L1,Automated,2,"Ensure 'Access this computer from the network' is set to 'Administrators, Authenticated Users'","Administrators, Authenticated Users",INF [Privilege Rights],"","",""
2.2.3,L1,Automated,2,"Ensure 'Act as part of the operating system' is set to 'No One'","No One",INF [Privilege Rights],"","",""
2.2.4,L1,Automated,2,"Ensure 'Adjust memory quotas for a process' is set to 'Administrators, LOCAL SERVICE, NETWORK SERVICE'","Administrators, LOCAL SERVICE, NETWORK SERVICE",INF [Privilege Rights],"","",""
2.2.5,L1,Automated,2,"Ensure 'Allow log on locally' is set to 'Administrators'","Administrators",INF [Privilege Rights],"","",""
2.2.6,L1,Automated,2,"Ensure 'Allow log on through Remote Desktop Services' is set to 'Administrators, Remote Desktop Users'","Administrators, Remote Desktop Users",INF [Privilege Rights],"","",""
2.2.7,L1,Automated,2,"Ensure 'Back up files and directories' is set to 'Administrators'","Administrators",INF [Privilege Rights],"","",""
2.2.8,L1,Automated,2,"Ensure 'Change the system time' is set to 'Administrators, LOCAL SERVICE'","Administrators, LOCAL SERVICE",INF [Privilege Rights],"","",""
2.2.9,L1,Automated,2,"Ensure 'Change the time zone' is set to 'Administrators, LOCAL SERVICE'","Administrators, LOCAL SERVICE",INF [Privilege Rights],"","",""
2.2.10,L1,Automated,2,"Ensure 'Create a pagefile' is set to 'Administrators'","Administrators",INF [Privilege Rights],"","",""
2.2.11,L1,Automated,2,"Ensure 'Create a token object' is set to 'No One'","No One",INF [Privilege Rights],"","",""
2.2.12,L1,Automated,2,"Ensure 'Create global objects' is set to 'Administrators, LOCAL SERVICE, NETWORK SERVICE, SERVICE'","Administrators, LOCAL SERVICE, NETWORK SERVICE, SERVICE",INF [Privilege Rights],"","",""
2.2.13,L1,Automated,2,"Ensure 'Create permanent shared objects' is set to 'No One'","No One",INF [Privilege Rights],"","",""
2.2.14,L1,Automated,2,"Ensure 'Create symbolic links' is set to 'Administrators, NT VIRTUAL MACHINE\Virtual Machines'","Administrators and (when the Hyper-V Role is installed) NT VIRTUAL MACHINE\Virtual Machines",INF [Privilege Rights],"","",""
2.2.15,L1,Automated,2,"Ensure 'Debug programs' is set to 'Administrators'","Administrators",INF [Privilege Rights],"","",""
2.2.16,L1,Automated,2,"Ensure 'Deny access to this computer from the network' to include 'Guests'","Guests",INF [Privilege Rights],"","",""
2.2.17,L1,Automated,2,"Ensure 'Deny log on as a batch job' to include 'Guests'","Guests",INF [Privilege Rights],"","",""
2.2.18,L1,Automated,2,"Ensure 'Deny log on as a service' to include 'Guests'","Guests",INF [Privilege Rights],"","",""
2.2.19,L1,Automated,2,"Ensure 'Deny log on locally' to include 'Guests'","Guests",INF [Privilege Rights],"","",""
2.2.20,L1,Automated,2,"Ensure 'Deny log on through Remote Desktop Services' is set to 'Guests'","Guests",INF [Privilege Rights],"","",""
2.2.21,L1,Automated,2,"Ensure 'Enable computer and user accounts to be trusted for delegation' is set to 'No One'","No One",INF [Privilege Rights],"","",""
2.2.22,L1,Automated,2,"Ensure 'Force shutdown from a remote system' is set to 'Administrators'","Administrators",INF [Privilege Rights],"","",""
2.2.23,L1,Automated,2,"Ensure 'Generate security audits' is set to 'LOCAL SERVICE, NETWORK SERVICE'","LOCAL SERVICE, NETWORK SERVICE",INF [Privilege Rights],"","",""
2.2.24,L1,Automated,2,"Ensure 'Impersonate a client after authentication' is set to 'Administrators, LOCAL SERVICE, NETWORK SERVICE, SERVICE' and (when the Web Server (IIS) Role with Web Services Role Service is installed) 'IIS_IUSRS'","Administrators, LOCAL SERVICE, NETWORK SERVICE, SERVICE and (when the Web Server (IIS) Role with Web Services Role Service is installed) IIS_IUSRS",INF [Privilege Rights],"","",""
2.2.25,L1,Automated,2,"Ensure 'Increase scheduling priority' is set to 'Administrators, Window Manager\Window Manager Group'","Administrators, Window Manager\Window Manager Group",INF [Privilege Rights],"","",""
2.2.26,L1,Automated,2,"Ensure 'Load and unload device drivers' is set to 'Administrators'","Administrators",INF [Privilege Rights],"","",""
2.2.27,L1,Automated,2,"Ensure 'Lock pages in memory' is set to 'No One'","No One",INF [Privilege Rights],"","",""
2.2.28,L1,Automated,2,"Ensure 'Manage auditing and security log' is set to 'Administrators'","Administrators",INF [Privilege Rights],"","",""
2.2.29,L1,Automated,2,"Ensure 'Modify an object label' is set to 'No One'","No One",INF [Privilege Rights],"","",""
2.2.30,L1,Automated,2,"Ensure 'Modify firmware environment values' is set to 'Administrators'","Administrators",INF [Privilege Rights],"","",""
2.2.31,L1,Automated,2,"Ensure 'Perform volume maintenance tasks' is set to 'Administrators'","Administrators",INF [Privilege Rights],"","",""
2.2.32,L1,Automated,2,"Ensure 'Profile single process' is set to 'Administrators'","Administrators",INF [Privilege Rights],"","",""
2.2.33,L1,Automated,2,"Ensure 'Profile system performance' is set to 'Administrators, NT SERVICE\WdiServiceHost'","Administrators, NT SERVICE\WdiServiceHost",INF [Privilege Rights],"","",""
2.2.34,L1,Automated,2,"Ensure 'Replace a process level token' is set to 'LOCAL SERVICE, NETWORK SERVICE'","LOCAL SERVICE, NETWORK SERVICE",INF [Privilege Rights],"","",""
2.2.35,L1,Automated,2,"Ensure 'Restore files and directories' is set to 'Administrators'","Administrators",INF [Privilege Rights],"","",""
2.2.36,L1,Automated,2,"Ensure 'Shut down the system' is set to 'Administrators'","Administrators",INF [Privilege Rights],"","",""
2.2.37,L1,Automated,2,"Ensure 'Take ownership of files or other objects' is set to 'Administrators'","Administrators",INF [Privilege Rights],"","",""
2.3.1.1,L1,Automated,2,"Ensure 'Accounts: Guest account status' is set to 'Disabled'","Disabled",INF [System Access],"","",""
2.3.1.2,L1,Automated,2,"Ensure 'Accounts: Limit local account use of blank passwords to console logon only' is set to 'Enabled'","Enabled",INF [Registry Values],"HKLM\SYSTEM\CurrentControlSet\Control\Lsa","LimitBlankPasswordUse","agreed"
2.3.1.3,L1,Automated,2,"Configure 'Accounts: Rename administrator account'","",INF [System Access],"","",""
2.3.1.4,L1,Automated,2,"Configure 'Accounts: Rename guest account'","",INF [System Access],"","",""
2.3.2.1,L1,Automated,2,"Ensure 'Audit: Force audit policy subcategory settings (Windows Vista or later) to override audit policy category settings' is set to 'Enabled'","Enabled",INF [Registry Values],"HKLM\SYSTEM\CurrentControlSet\Control\Lsa","SCENoApplyLegacyAuditPolicy","agreed"
2.3.2.2,L1,Automated,2,"Ensure 'Audit: Shut down system immediately if unable to log security audits' is set to 'Disabled'","Disabled",INF [Registry Values],"HKLM\SYSTEM\CurrentControlSet\Control\Lsa","CrashOnAuditFail","agreed"
2.3.4.1,L1,Automated,2,"Ensure 'Devices: Prevent users from installing printer drivers' is set to 'Enabled'","Enabled",INF [Registry Values],"HKLM\SYSTEM\CurrentControlSet\Control\Print\Providers\LanMan Print Services\Servers","AddPrinterDrivers","resolved:raw"
2.3.7.1,L1,Automated,2,"Ensure 'Interactive logon: Do not require CTRL+ALT+DEL' is set to 'Disabled'","Disabled",INF [Registry Values],"HKLM\SOFTWARE\Microsoft\Windows\CurrentVersion\Policies\System","DisableCAD","agreed"
2.3.7.2,L1,Automated,2,"Ensure 'Interactive logon: Don't display last signed-in' is set to 'Enabled'","Enabled",INF [Registry Values],"HKLM\SOFTWARE\Microsoft\Windows\CurrentVersion\Policies\System","DontDisplayLastUserName","agreed"
2.3.7.3,L1,Automated,2,"Ensure 'Interactive logon: Machine inactivity limit' is set to '900 or fewer second(s), but not 0'","900 or fewer second(s), but not 0",INF [Registry Values],"HKLM\SOFTWARE\Microsoft\Windows\CurrentVersion\Policies\System","InactivityTimeoutSecs","agreed"
2.3.7.4,L1,Automated,2,"Configure 'Interactive logon: Message text for users attempting to log on'","",NEEDS REVIEW,"HKLM\SOFTWARE\Microsoft\Windows\CurrentVersion\Policies\System","LegalNoticeText","agreed"
2.3.7.5,L1,Automated,2,"Configure 'Interactive logon: Message title for users attempting to log on'","",NEEDS REVIEW,"HKLM\SOFTWARE\Microsoft\Windows\CurrentVersion\Policies\System","LegalNoticeCaption","agreed"
2.3.7.6,L1,Automated,2,"Ensure 'Interactive logon: Prompt user to change password before expiration' is set to 'between 5 and 14 days'","between 5 and 14 days",INF [Registry Values],"HKLM\SOFTWARE\Microsoft\Windows NT\CurrentVersion\Winlogon","PasswordExpiryWarning","resolved:raw"
2.3.7.7,L1,Automated,2,"Ensure 'Interactive logon: Smart card removal behavior' is set to 'Lock Workstation' or higher","Lock Workstation",INF [Registry Values],"HKLM\SOFTWARE\Microsoft\Windows NT\CurrentVersion\Winlogon","ScRemoveOption","resolved:raw"
2.3.8.1,L1,Automated,2,"Ensure 'Microsoft network client: Digitally sign communications (always)' is set to 'Enabled'","Enabled",INF [Registry Values],"HKLM\SYSTEM\CurrentControlSet\Services\LanmanWorkstation\Parameters","RequireSecuritySignature","agreed"
2.3.8.2,L1,Automated,2,"Ensure 'Microsoft network client: Digitally sign communications (if server agrees)' is set to 'Enabled'","Enabled",INF [Registry Values],"HKLM\SYSTEM\CurrentControlSet\Services\LanmanWorkstation\Parameters","EnableSecuritySignature","agreed"
2.3.8.3,L1,Automated,2,"Ensure 'Microsoft network client: Send unencrypted password to third-party SMB servers' is set to 'Disabled'","Disabled",INF [Registry Values],"HKLM\SYSTEM\CurrentControlSet\Services\LanmanWorkstation\Parameters","EnablePlainTextPassword","agreed"
2.3.9.1,L1,Automated,2,"Ensure 'Microsoft network server: Amount of idle time required before suspending session' is set to '15 or fewer minute(s)'","15 or fewer minute(s)",INF [Registry Values],"HKLM\SYSTEM\CurrentControlSet\Services\LanManServer\Parameters","AutoDisconnect","agreed"
2.3.9.2,L1,Automated,2,"Ensure 'Microsoft network server: Digitally sign communications (always)' is set to 'Enabled'","Enabled",INF [Registry Values],"HKLM\SYSTEM\CurrentControlSet\Services\LanManServer\Parameters","RequireSecuritySignature","agreed"
2.3.9.3,L1,Automated,2,"Ensure 'Microsoft network server: Digitally sign communications (if client agrees)' is set to 'Enabled'","Enabled",INF [Registry Values],"HKLM\SYSTEM\CurrentControlSet\Services\LanManServer\Parameters","EnableSecuritySignature","agreed"
2.3.9.4,L1,Automated,2,"Ensure 'Microsoft network server: Disconnect clients when logon hours expire' is set to 'Enabled'","Enabled",INF [Registry Values],"HKLM\SYSTEM\CurrentControlSet\Services\LanManServer\Parameters","enableforcedlogoff","agreed"
2.3.9.5,L1,Automated,2,"Ensure 'Microsoft network server: Server SPN target name validation level' is set to 'Accept if provided by client' or higher","Accept if provided by client",INF [Registry Values],"HKLM\SYSTEM\CurrentControlSet\Services\LanManServer\Parameters","SMBServerNameHardeningLevel","agreed"
2.3.10.1,L1,Automated,2,"Ensure 'Network access: Allow anonymous SID/Name translation' is set to 'Disabled'","Disabled",INF [System Access],"HKLM\System\CurrentControlSet\Control\Lsa","TurnOffAnonymousBlock","agreed"
2.3.10.2,L1,Automated,2,"Ensure 'Network access: Do not allow anonymous enumeration of SAM accounts' is set to 'Enabled'","Enabled",INF [Registry Values],"HKLM\SYSTEM\CurrentControlSet\Control\Lsa","RestrictAnonymousSAM","agreed"
2.3.10.3,L1,Automated,2,"Ensure 'Network access: Do not allow anonymous enumeration of SAM accounts and shares' is set to 'Enabled'","Enabled",INF [Registry Values],"HKLM\SYSTEM\CurrentControlSet\Control\Lsa","RestrictAnonymous","agreed"
2.3.10.5,L1,Automated,2,"Ensure 'Network access: Let Everyone permissions apply to anonymous users' is set to 'Disabled'","Disabled",INF [Registry Values],"HKLM\SYSTEM\CurrentControlSet\Control\Lsa","EveryoneIncludesAnonymous","agreed"
2.3.10.6,L1,Automated,2,"Ensure 'Network access: Named Pipes that can be accessed anonymously' is configured","<blank> (i.e",NEEDS REVIEW,"HKLM\SYSTEM\CurrentControlSet\Services\LanManServer\Parameters","NullSessionPipes","agreed"
2.3.10.7,L1,Automated,2,"Ensure 'Network access: Remotely accessible registry paths' is configured","System\CurrentControlSet\Control\ProductOptions System\CurrentControlSet\Control\Server Applications Software\Microsoft\Windows NT\CurrentVersion",NEEDS REVIEW,"HKLM\SYSTEM\CurrentControlSet\Control\SecurePipeServers\Winreg\ AllowedExactPaths","Machine","resolved:raw(real-space)"
2.3.10.8,L1,Automated,2,"Ensure 'Network access: Remotely accessible registry paths and sub-paths' is configured","System\CurrentControlSet\Control\Print\Printers System\CurrentControlSet\Services\Eventlog Software\Microsoft\OLAP Server Software\Microsoft\Windows NT\CurrentVersion\Print Software\Microsoft\Windows NT\CurrentVersion\Windows System\CurrentControlSet\Control\ContentIndex System\CurrentControlSet\Control\Terminal Server System\CurrentControlSet\Control\Terminal Server\UserConfig System\CurrentControlSet\Control\Terminal Server\DefaultUserConfiguration Software\Microsoft\Windows NT\CurrentVersion\Perflib System\CurrentControlSet\Services\SysmonLog The recommended state for servers that hold the Active Directory Certificate Services Role with Certification Authority Role Service includes the above list and: System\CurrentControlSet\Services\CertSvc The recommended state for servers that have the WINS Server Feature installed includes the above list and: System\CurrentControlSet\Services\WINS",NEEDS REVIEW,"HKLM\SYSTEM\CurrentControlSet\Control\SecurePipeServers\Winreg\ AllowedPaths","Machine","resolved:raw(real-space)"
2.3.10.9,L1,Automated,2,"Ensure 'Network access: Restrict anonymous access to Named Pipes and Shares' is set to 'Enabled'","Enabled",INF [Registry Values],"HKLM\SYSTEM\CurrentControlSet\Services\LanManServer\Parameters","RestrictNullSessAccess","agreed"
2.3.10.10,L1,Automated,2,"Ensure 'Network access: Restrict clients allowed to make remote calls to SAM' is set to 'Administrators: Remote Access: Allow'","Administrators: Remote Access: Allow",NEEDS REVIEW,"HKLM\SYSTEM\CurrentControlSet\Control\Lsa","restrictremotesam","agreed"
2.3.10.11,L1,Automated,2,"Ensure 'Network access: Shares that can be accessed anonymously' is set to 'None'","<blank> (i.e",INF [Registry Values],"HKLM\SYSTEM\CurrentControlSet\Services\LanManServer\Parameters","NullSessionShares","agreed"
2.3.10.12,L1,Automated,2,"Ensure 'Network access: Sharing and security model for local accounts' is set to 'Classic - local users authenticate as themselves'","Classic - local users authenticate as themselves",INF [Registry Values],"HKLM\SYSTEM\CurrentControlSet\Control\Lsa","ForceGuest","agreed"
2.3.11.1,L1,Automated,2,"Ensure 'Network security: Allow Local System to use computer identity for NTLM' is set to 'Enabled'","Enabled",INF [Registry Values],"HKLM\SYSTEM\CurrentControlSet\Control\Lsa","UseMachineId","agreed"
2.3.11.2,L1,Automated,2,"Ensure 'Network security: Allow LocalSystem NULL session fallback' is set to 'Disabled'","Disabled",INF [Registry Values],"HKLM\SYSTEM\CurrentControlSet\Control\Lsa\MSV1_0","AllowNullSessionFallback","agreed"
2.3.11.3,L1,Automated,2,"Ensure 'Network Security: Allow PKU2U authentication requests to this computer to use online identities' is set to 'Disabled'","Disabled",INF [Registry Values],"HKLM\SYSTEM\CurrentControlSet\Control\Lsa\pku2u","AllowOnlineID","agreed"
2.3.11.4,L1,Automated,2,"Ensure 'Network security: Configure encryption types allowed for Kerberos' is set to 'AES128_HMAC_SHA1, AES256_HMAC_SHA1, Future encryption types'","AES128_HMAC_SHA1, AES256_HMAC_SHA1, Future encryption types",INF [Registry Values],"HKLM\SOFTWARE\Microsoft\Windows\CurrentVersion\Policies\System\Kerberos\Parameters","SupportedEncryptionTypes","resolved:layout"
2.3.11.5,L1,Automated,2,"Ensure 'Network security: Do not store LAN Manager hash value on next password change' is set to 'Enabled'","Enabled",INF [Registry Values],"HKLM\SYSTEM\CurrentControlSet\Control\Lsa","NoLMHash","agreed"
2.3.11.6,L1,Manual,2,"Ensure 'Network security: Force logoff when logon hours expire' is set to 'Enabled'","Enabled",INF [System Access],"","",""
2.3.11.7,L1,Automated,2,"Ensure 'Network security: LAN Manager authentication level' is set to 'Send NTLMv2 response only. Refuse LM & NTLM'","Send NTLMv2 response only",INF [Registry Values],"HKLM\SYSTEM\CurrentControlSet\Control\Lsa","LmCompatibilityLevel","agreed"
2.3.11.8,L1,Automated,2,"Ensure 'Network security: LDAP client encryption requirements' is set to 'Negotiate sealing' or higher","Negotiate sealing",INF [Registry Values],"HKLM\SYSTEM\CurrentControlSet\Services\LDAP","LDAPClientConfidentiality","agreed"
2.3.11.9,L1,Automated,2,"Ensure 'Network security: LDAP client signing requirements' is set to 'Negotiate signing' or higher","Negotiate signing",INF [Registry Values],"HKLM\SYSTEM\CurrentControlSet\Services\LDAP","LDAPClientIntegrity","agreed"
2.3.11.10,L1,Automated,2,"Ensure 'Network security: Minimum session security for NTLM SSP based (including secure RPC) clients' is set to 'Require NTLMv2 session security, Require 128-bit encryption'","Require NTLMv2 session security, Require 128-bit encryption",INF [Registry Values],"HKLM\SYSTEM\CurrentControlSet\Control\Lsa\MSV1_0","NTLMMinClientSec","agreed"
2.3.11.11,L1,Automated,2,"Ensure 'Network security: Minimum session security for NTLM SSP based (including secure RPC) servers' is set to 'Require NTLMv2 session security, Require 128-bit encryption'","Require NTLMv2 session security, Require 128-bit encryption",INF [Registry Values],"HKLM\SYSTEM\CurrentControlSet\Control\Lsa\MSV1_0","NTLMMinServerSec","agreed"
2.3.11.12,L1,Automated,2,"Ensure 'Network security: Restrict NTLM: Audit Incoming NTLM Traffic' is set to 'Enable auditing for all accounts'","Enable auditing for all accounts",INF [Registry Values],"HKLM\SYSTEM\CurrentControlSet\Control\Lsa\MSV1_0","AuditReceivingNTLMTraffic","agreed"
2.3.11.13,L1,Automated,2,"Ensure 'Network security: Restrict NTLM: Outgoing NTLM traffic to remote servers' is set to 'Audit all' or higher","Audit all",INF [Registry Values],"HKLM\SYSTEM\CurrentControlSet\Control\Lsa\MSV1_0","RestrictSendingNTLMTraffic","agreed"
2.3.13.1,L1,Automated,2,"Ensure 'Shutdown: Allow system to be shut down without having to log on' is set to 'Disabled'","Disabled",INF [Registry Values],"HKLM\SOFTWARE\Microsoft\Windows\CurrentVersion\Policies\System","ShutdownWithoutLogon","agreed"
2.3.15.1,L1,Automated,2,"Ensure 'System objects: Require case insensitivity for non-Windows subsystems' is set to 'Enabled'","Enabled",INF [Registry Values],"HKLM\SYSTEM\CurrentControlSet\Control\Session Manager\Kernel","ObCaseInsensitive","resolved:raw"
2.3.15.2,L1,Automated,2,"Ensure 'System objects: Strengthen default permissions of internal system objects (e.g. Symbolic Links)' is set to 'Enabled'","Enabled",INF [Registry Values],"HKLM\SYSTEM\CurrentControlSet\Control\Session Manager","ProtectionMode","agreed"
2.3.17.1,L1,Automated,2,"Ensure 'User Account Control: Admin Approval Mode for the Built-in Administrator account' is set to 'Enabled'","Enabled",INF [Registry Values],"HKLM\SOFTWARE\Microsoft\Windows\CurrentVersion\Policies\System","FilterAdministratorToken","agreed"
2.3.17.2,L1,Automated,2,"Ensure 'User Account Control: Behavior of the elevation prompt for administrators in Admin Approval Mode' is set to 'Prompt for consent on the secure desktop' or higher","Prompt for consent on the secure desktop",INF [Registry Values],"HKLM\SOFTWARE\Microsoft\Windows\CurrentVersion\Policies\System","ConsentPromptBehaviorAdmin","agreed"
2.3.17.3,L1,Automated,2,"Ensure 'User Account Control: Behavior of the elevation prompt for standard users' is set to 'Automatically deny elevation requests'","Automatically deny elevation requests",INF [Registry Values],"HKLM\SOFTWARE\Microsoft\Windows\CurrentVersion\Policies\System","ConsentPromptBehaviorUser","agreed"
2.3.17.4,L1,Automated,2,"Ensure 'User Account Control: Detect application installations and prompt for elevation' is set to 'Enabled'","Enabled",INF [Registry Values],"HKLM\SOFTWARE\Microsoft\Windows\CurrentVersion\Policies\System","EnableInstallerDetection","agreed"
2.3.17.5,L1,Automated,2,"Ensure 'User Account Control: Only elevate UIAccess applications that are installed in secure locations' is set to 'Enabled'","Enabled",INF [Registry Values],"HKLM\SOFTWARE\Microsoft\Windows\CurrentVersion\Policies\System","EnableSecureUIAPaths","agreed"
2.3.17.6,L1,Automated,2,"Ensure 'User Account Control: Run all administrators in Admin Approval Mode' is set to 'Enabled'","Enabled",INF [Registry Values],"HKLM\SOFTWARE\Microsoft\Windows\CurrentVersion\Policies\System","EnableLUA","agreed"
2.3.17.7,L1,Automated,2,"Ensure 'User Account Control: Switch to the secure desktop when prompting for elevation' is set to 'Enabled'","Enabled",INF [Registry Values],"HKLM\SOFTWARE\Microsoft\Windows\CurrentVersion\Policies\System","PromptOnSecureDesktop","agreed"
2.3.17.8,L1,Automated,2,"Ensure 'User Account Control: Virtualize file and registry write failures to per-user locations' is set to 'Enabled'","Enabled",INF [Registry Values],"HKLM\SOFTWARE\Microsoft\Windows\CurrentVersion\Policies\System","EnableVirtualization","agreed"
9.2.1,L1,Automated,9,"Ensure 'Windows Firewall: Private: Firewall state' is set to 'On (recommended)'","On (recommended)",Set-NetFirewallProfile,"HKLM\SOFTWARE\Policies\Microsoft\WindowsFirewall\PrivateProfile","EnableFirewall","agreed"
9.2.2,L1,Automated,9,"Ensure 'Windows Firewall: Private: Inbound connections' is set to 'Block (default)'","Block (default)",Set-NetFirewallProfile,"HKLM\SOFTWARE\Policies\Microsoft\WindowsFirewall\PrivateProfile","DefaultInboundAction","agreed"
9.2.3,L1,Automated,9,"Ensure 'Windows Firewall: Private: Settings: Display a notification' is set to 'No'","No",Set-NetFirewallProfile,"HKLM\SOFTWARE\Policies\Microsoft\WindowsFirewall\PrivateProfile","DisableNotifications","agreed"
9.2.4,L1,Automated,9,"Ensure 'Windows Firewall: Private: Logging: Name' is set to '%SystemRoot%\System32\logfiles\firewall\privatefw.log'","%SystemRoot%\System32\logfiles\firewall\privatefw.log",Set-NetFirewallProfile,"HKLM\SOFTWARE\Policies\Microsoft\WindowsFirewall\PrivateProfile\Logging","LogFilePath","resolved:layout(mid-token-wrap)"
9.2.5,L1,Automated,9,"Ensure 'Windows Firewall: Private: Logging: Size limit (KB)' is set to '16,384 KB or greater'","16,384 KB or greater",Set-NetFirewallProfile,"HKLM\SOFTWARE\Policies\Microsoft\WindowsFirewall\PrivateProfile\Logging","LogFileSize","resolved:layout(mid-token-wrap)"
9.2.6,L1,Automated,9,"Ensure 'Windows Firewall: Private: Logging: Log dropped packets' is set to 'Yes'","Yes",Set-NetFirewallProfile,"HKLM\SOFTWARE\Policies\Microsoft\WindowsFirewall\PrivateProfile\Logging","LogDroppedPackets","agreed"
9.2.7,L1,Automated,9,"Ensure 'Windows Firewall: Private: Logging: Log successful connections' is set to 'Yes'","Yes",Set-NetFirewallProfile,"HKLM\SOFTWARE\Policies\Microsoft\WindowsFirewall\PrivateProfile\Logging","LogSuccessfulConnections","agreed"
9.3.1,L1,Automated,9,"Ensure 'Windows Firewall: Public: Firewall state' is set to 'On (recommended)'","On (recommended)",Set-NetFirewallProfile,"HKLM\SOFTWARE\Policies\Microsoft\WindowsFirewall\PublicProfile","EnableFirewall","agreed"
9.3.2,L1,Automated,9,"Ensure 'Windows Firewall: Public: Inbound connections' is set to 'Block (default)'","Block (default)",Set-NetFirewallProfile,"HKLM\SOFTWARE\Policies\Microsoft\WindowsFirewall\PublicProfile","DefaultInboundAction","agreed"
9.3.3,L1,Automated,9,"Ensure 'Windows Firewall: Public: Settings: Display a notification' is set to 'No'","No",Set-NetFirewallProfile,"HKLM\SOFTWARE\Policies\Microsoft\WindowsFirewall\PublicProfile","DisableNotifications","agreed"
9.3.4,L1,Automated,9,"Ensure 'Windows Firewall: Public: Logging: Name' is set to '%SystemRoot%\System32\logfiles\firewall\publicfw.log'","%SystemRoot%\System32\logfiles\firewall\publicfw.log",Set-NetFirewallProfile,"HKLM\SOFTWARE\Policies\Microsoft\WindowsFirewall\PublicProfile\ Logging","LogFilePath","resolved:raw(real-space)"
9.3.5,L1,Automated,9,"Ensure 'Windows Firewall: Public: Logging: Size limit (KB)' is set to '16,384 KB or greater'","16,384 KB or greater",Set-NetFirewallProfile,"HKLM\SOFTWARE\Policies\Microsoft\WindowsFirewall\PublicProfile\ Logging","LogFileSize","resolved:raw(real-space)"
9.3.6,L1,Automated,9,"Ensure 'Windows Firewall: Public: Logging: Log dropped packets' is set to 'Yes'","Yes",Set-NetFirewallProfile,"HKLM\SOFTWARE\Policies\Microsoft\WindowsFirewall\PublicProfile\Logging","LogDroppedPackets","agreed"
9.3.7,L1,Automated,9,"Ensure 'Windows Firewall: Public: Logging: Log successful connections' is set to 'Yes'","Yes",Set-NetFirewallProfile,"HKLM\SOFTWARE\Policies\Microsoft\WindowsFirewall\PublicProfile\Logging","LogSuccessfulConnections","agreed"
17.1.1,L1,Automated,17,"Ensure 'Audit Credential Validation' is set to 'Success and Failure'","Success and Failure",auditpol (section 17),"","",""
17.2.1,L1,Automated,17,"Ensure 'Audit Application Group Management' is set to 'Success and Failure'","Success and Failure",auditpol (section 17),"","",""
17.2.2,L1,Automated,17,"Ensure 'Audit Security Group Management' is set to include 'Success'","Success",auditpol (section 17),"","",""
17.2.3,L1,Automated,17,"Ensure 'Audit User Account Management' is set to 'Success and Failure'","Success and Failure",auditpol (section 17),"","",""
17.3.1,L1,Automated,17,"Ensure 'Audit PNP Activity' is set to include 'Success'","Success",auditpol (section 17),"","",""
17.3.2,L1,Automated,17,"Ensure 'Audit Process Creation' is set to include 'Success'","Success",auditpol (section 17),"","",""
17.5.1,L1,Automated,17,"Ensure 'Audit Account Lockout' is set to include 'Failure'","Failure",auditpol (section 17),"","",""
17.5.2,L1,Automated,17,"Ensure 'Audit Group Membership' is set to include 'Success'","Success",auditpol (section 17),"","",""
17.5.3,L1,Automated,17,"Ensure 'Audit Logoff' is set to include 'Success'","Success",auditpol (section 17),"","",""
17.5.4,L1,Automated,17,"Ensure 'Audit Logon' is set to 'Success and Failure'","Success and Failure",auditpol (section 17),"","",""
17.5.5,L1,Automated,17,"Ensure 'Audit Other Logon/Logoff Events' is set to 'Success and Failure'","Success and Failure",auditpol (section 17),"","",""
17.5.6,L1,Automated,17,"Ensure 'Audit Special Logon' is set to include 'Success'","Success",auditpol (section 17),"","",""
17.6.1,L1,Automated,17,"Ensure 'Audit Detailed File Share' is set to include 'Failure'","Failure",auditpol (section 17),"","",""
17.6.2,L1,Automated,17,"Ensure 'Audit File Share' is set to 'Success and Failure'","Success and Failure",auditpol (section 17),"","",""
17.6.3,L1,Automated,17,"Ensure 'Audit Other Object Access Events' is set to 'Success and Failure'","Success and Failure",auditpol (section 17),"","",""
17.6.4,L1,Automated,17,"Ensure 'Audit Removable Storage' is set to 'Success and Failure'","Success and Failure",auditpol (section 17),"","",""
17.7.1,L1,Automated,17,"Ensure 'Audit Audit Policy Change' is set to include 'Success'","include: Success",auditpol (section 17),"","",""
17.7.2,L1,Automated,17,"Ensure 'Audit Authentication Policy Change' is set to include 'Success'","Success",auditpol (section 17),"","",""
17.7.3,L1,Automated,17,"Ensure 'Audit Authorization Policy Change' is set to include 'Success'","Success",auditpol (section 17),"","",""
17.7.4,L1,Automated,17,"Ensure 'Audit MPSSVC Rule-Level Policy Change' is set to 'Success and Failure'","Success and Failure",auditpol (section 17),"","",""
17.7.5,L1,Automated,17,"Ensure 'Audit Other Policy Change Events' is set to include 'Failure'","Failure",auditpol (section 17),"","",""
17.8.1,L1,Automated,17,"Ensure 'Audit Sensitive Privilege Use' is set to 'Success and Failure'","Success and Failure",auditpol (section 17),"","",""
17.9.1,L1,Automated,17,"Ensure 'Audit IPsec Driver' is set to 'Success and Failure'","Success and Failure",auditpol (section 17),"","",""
17.9.2,L1,Automated,17,"Ensure 'Audit Other System Events' is set to 'Success and Failure'","Success and Failure",auditpol (section 17),"","",""
17.9.3,L1,Automated,17,"Ensure 'Audit Security State Change' is set to include 'Success'","Success",auditpol (section 17),"","",""
17.9.4,L1,Automated,17,"Ensure 'Audit Security System Extension' is set to include 'Success'","Success",auditpol (section 17),"","",""
17.9.5,L1,Automated,17,"Ensure 'Audit System Integrity' is set to 'Success and Failure'","Success and Failure",auditpol (section 17),"","",""
18.1.1.1,L1,Automated,18,"Ensure 'Prevent enabling lock screen camera' is set to 'Enabled'","Enabled",RegistrySettings-Standalone.ps1,"HKLM\SOFTWARE\Policies\Microsoft\Windows\Personalization","NoLockScreenCamera","agreed"
18.1.1.2,L1,Automated,18,"Ensure 'Prevent enabling lock screen slide show' is set to 'Enabled'","Enabled",RegistrySettings-Standalone.ps1,"HKLM\SOFTWARE\Policies\Microsoft\Windows\Personalization","NoLockScreenSlideshow","agreed"
18.1.2.2,L1,Automated,18,"Ensure 'Allow users to enable online speech recognition services' is set to 'Disabled'","Disabled",RegistrySettings-Standalone.ps1,"HKLM\SOFTWARE\Policies\Microsoft\InputPersonalization","AllowInputPersonalization","agreed"
18.4.1,L1,Automated,18,"Ensure 'Configure SMB v1 client driver' is set to 'Enabled: Disable driver (recommended)'","Enabled: Disable driver (recommended)",RegistrySettings-Standalone.ps1,"HKLM\SYSTEM\CurrentControlSet\Services\mrxsmb10","Start","agreed"
18.4.2,L1,Automated,18,"Ensure 'Configure SMB v1 server' is set to 'Disabled'","Disabled",RegistrySettings-Standalone.ps1,"HKLM\SYSTEM\CurrentControlSet\Services\LanmanServer\Parameters","SMB1","agreed"
18.4.3,L1,Automated,18,"Ensure 'Enable Certificate Padding' is set to 'Enabled'","Enabled",NEEDS REVIEW,"","",""
18.4.4,L1,Automated,18,"Ensure 'Enable Structured Exception Handling Overwrite Protection (SEHOP)' is set to 'Enabled'","Enabled",RegistrySettings-Standalone.ps1,"HKLM\SYSTEM\CurrentControlSet\Control\Session Manager\kernel","DisableExceptionChainValidation","resolved:raw"
18.4.5,L1,Automated,18,"Ensure 'NetBT NodeType configuration' is set to 'Enabled: P-node (recommended)'","Enabled: P-node (recommended) (point- to-point)",RegistrySettings-Standalone.ps1,"HKLM\SYSTEM\CurrentControlSet\Services\NetBT\Parameters","NodeType","agreed"
18.5.1,L1,Automated,18,"Ensure 'MSS: (AutoAdminLogon) Enable Automatic Logon' is set to 'Disabled'","Disabled",RegistrySettings-Standalone.ps1,"HKLM\SOFTWARE\Microsoft\Windows NT\CurrentVersion\Winlogon","AutoAdminLogon","agreed"
18.5.2,L1,Automated,18,"Ensure 'MSS: (DisableIPSourceRouting IPv6) IP source routing protection level' is set to 'Enabled: Highest protection, source routing is completely disabled'","Enabled: Highest protection, source routing is completely disabled",RegistrySettings-Standalone.ps1,"HKLM\SYSTEM\CurrentControlSet\Services\Tcpip6\Parameters","DisableIPSourceRouting","agreed"
18.5.3,L1,Automated,18,"Ensure 'MSS: (DisableIPSourceRouting) IP source routing protection level' is set to 'Enabled: Highest protection, source routing is completely disabled'","Enabled: Highest protection, source routing is completely disabled",RegistrySettings-Standalone.ps1,"HKLM\SYSTEM\CurrentControlSet\Services\Tcpip\Parameters","DisableIPSourceRouting","agreed"
18.5.4,L1,Automated,18,"Ensure 'MSS: (EnableICMPRedirect) Allow ICMP redirects to override OSPF generated routes' is set to 'Disabled'","Disabled",RegistrySettings-Standalone.ps1,"HKLM\SYSTEM\CurrentControlSet\Services\Tcpip\Parameters","EnableICMPRedirect","agreed"
18.5.6,L1,Automated,18,"Ensure 'MSS: (NoNameReleaseOnDemand) Allow the computer to ignore NetBIOS name release requests except from WINS servers' is set to 'Enabled'","Enabled",RegistrySettings-Standalone.ps1,"HKLM\SYSTEM\CurrentControlSet\Services\NetBT\Parameters","NoNameReleaseOnDemand","agreed"
18.5.8,L1,Automated,18,"Ensure 'MSS: (SafeDllSearchMode) Enable Safe DLL search mode' is set to 'Enabled'","Enabled",RegistrySettings-Standalone.ps1,"HKLM\SYSTEM\CurrentControlSet\Control\Session Manager","SafeDllSearchMode","agreed"
18.5.9,L1,Automated,18,"Ensure 'MSS: (ScreenSaverGracePeriod) The time in seconds before the screen saver grace period expires' is set to 'Enabled: 5 or fewer seconds'","Enabled: 5 or fewer seconds",RegistrySettings-Standalone.ps1,"HKLM\SOFTWARE\Microsoft\Windows NT\CurrentVersion\Winlogon","ScreenSaverGracePeriod","resolved:raw"
18.5.12,L1,Automated,18,"Ensure 'MSS: (WarningLevel) Percentage threshold for the security event log at which the system will generate a warning' is set to 'Enabled: 90% or less'","Enabled: 90% or less",RegistrySettings-Standalone.ps1,"HKLM\SYSTEM\CurrentControlSet\Services\Eventlog\Security","WarningLevel","agreed"
18.6.4.1,L1,Automated,18,"Ensure 'Configure multicast DNS (mDNS) protocol' is set to 'Disabled'","Disabled",RegistrySettings-Standalone.ps1,"HKLM\SOFTWARE\Policies\Microsoft\Windows NT\DNSClient","EnableMDNS","agreed"
18.6.7.1,L1,Automated,18,"Ensure 'Audit client does not support encryption' is set to 'Enabled'","Enabled",RegistrySettings-Standalone.ps1,"HKLM\SOFTWARE\Policies\Microsoft\Windows\LanmanServer","AuditClientDoesNotSupportEncryption","agreed"
18.6.7.2,L1,Automated,18,"Ensure 'Audit client does not support signing' is set to 'Enabled'","Enabled",RegistrySettings-Standalone.ps1,"HKLM\SOFTWARE\Policies\Microsoft\Windows\LanmanServer","AuditClientDoesNotSupportSigning","agreed"
18.6.7.3,L1,Automated,18,"Ensure 'Audit insecure guest logon' is set to 'Enabled'","Enabled",RegistrySettings-Standalone.ps1,"HKLM\SOFTWARE\Policies\Microsoft\Windows\LanmanServer","AuditInsecureGuestLogon","agreed"
18.6.7.4,L1,Automated,18,"Ensure 'Enable authentication rate limiter' is set to 'Enabled'","Enabled",RegistrySettings-Standalone.ps1,"HKLM\SOFTWARE\Policies\Microsoft\Windows\LanmanServer","EnableAuthRateLimiter","agreed"
18.6.7.5,L1,Automated,18,"Ensure 'Enable remote mailslots' is set to 'Disabled'","Disabled",RegistrySettings-Standalone.ps1,"HKLM\SOFTWARE\Policies\Microsoft\Windows\Bowser","EnableMailslots","agreed"
18.6.7.6,L1,Automated,18,"Ensure 'Mandate the minimum version of SMB' is set to 'Enabled: 3.1.1'","Enabled: 3.1.1",RegistrySettings-Standalone.ps1,"HKLM\SOFTWARE\Policies\Microsoft\Windows\LanmanServer","MinSmb2Dialect","agreed"
18.6.7.7,L1,Automated,18,"Ensure 'Set authentication rate limiter delay (milliseconds)' is set to 'Enabled: 2000' or more","Enabled: 2000 or more",RegistrySettings-Standalone.ps1,"HKLM\SOFTWARE\Policies\Microsoft\Windows\LanmanServer","InvalidAuthenticationDelayTimeInMs","agreed"
18.6.8.1,L1,Automated,18,"Ensure 'Audit insecure guest logon' is set to 'Enabled'","Enabled",RegistrySettings-Standalone.ps1,"HKLM\SOFTWARE\Policies\Microsoft\Windows\LanmanWorkstation","AuditInsecureGuestLogon","agreed"
18.6.8.2,L1,Automated,18,"Ensure 'Audit server does not support encryption' is set to 'Enabled'","Enabled",RegistrySettings-Standalone.ps1,"HKLM\SOFTWARE\Policies\Microsoft\Windows\LanmanWorkstation","AuditServerDoesNotSupportEncryption","agreed"
18.6.8.3,L1,Automated,18,"Ensure 'Audit server does not support signing' is set to 'Enabled'","Enabled",RegistrySettings-Standalone.ps1,"HKLM\SOFTWARE\Policies\Microsoft\Windows\LanmanWorkstation","AuditServerDoesNotSupportSigning","agreed"
18.6.8.4,L1,Automated,18,"Ensure 'Enable insecure guest logons' is set to 'Disabled'","Disabled",RegistrySettings-Standalone.ps1,"HKLM\SOFTWARE\Policies\Microsoft\Windows\LanmanWorkstation","AllowInsecureGuestAuth","agreed"
18.6.8.5,L1,Automated,18,"Ensure 'Enable remote mailslots' is set to 'Disabled'","Disabled",RegistrySettings-Standalone.ps1,"HKLM\SOFTWARE\Policies\Microsoft\Windows\NetworkProvider","EnableMailslots","agreed"
18.6.8.6,L1,Automated,18,"Ensure 'Mandate the minimum version of SMB' is set to 'Enabled: 3.1.1'","Enabled: 3.1.1",RegistrySettings-Standalone.ps1,"HKLM\SOFTWARE\Policies\Microsoft\Windows\LanmanWorkstation","MinSmb2Dialect","agreed"
18.6.8.7,L1,Automated,18,"Ensure 'Require Encryption' is set to 'Enabled'","Enabled",RegistrySettings-Standalone.ps1,"HKLM\SOFTWARE\Policies\Microsoft\Windows\LanmanWorkstation","RequireEncryption","agreed"
18.6.11.2,L1,Automated,18,"Ensure 'Prohibit installation and configuration of Network Bridge on your DNS domain network' is set to 'Enabled'","Enabled",RegistrySettings-Standalone.ps1,"HKLM\SOFTWARE\Policies\Microsoft\Windows\Network Connections","NC_AllowNetBridge_NLA","resolved:raw"
18.6.11.3,L1,Automated,18,"Ensure 'Prohibit use of Internet Connection Sharing on your DNS domain network' is set to 'Enabled'","Enabled",RegistrySettings-Standalone.ps1,"HKLM\SOFTWARE\Policies\Microsoft\Windows\Network Connections","NC_ShowSharedAccessUI","resolved:raw"
18.6.14.1,L1,Automated,18,"Ensure 'Hardened UNC Paths' is set to 'Enabled, with ""Require Mutual Authentication"", ""Require Integrity"", and ""Require Privacy"" set for all NETLOGON and SYSVOL shares'","Enabled, with ""Require Mutual Authentication"", ""Require Integrity"", and ""Require Privacy"" set for all NETLOGON and SYSVOL shares",NEEDS REVIEW,"","",""
18.6.21.1,L1,Automated,18,"Ensure 'Minimize the number of simultaneous connections to the Internet or a Windows Domain' is set to 'Enabled: 3 = Prevent Wi-Fi when on Ethernet'","Enabled: 3 = Prevent Wi-Fi when on Ethernet",RegistrySettings-Standalone.ps1,"HKLM\SOFTWARE\Policies\Microsoft\Windows\WcmSvc\GroupPolicy","fMinimizeConnections","agreed"
18.7.1,L1,Automated,18,"Ensure 'Allow Print Spooler to accept client connections' is set to 'Disabled'","Disabled",RegistrySettings-Standalone.ps1,"HKLM\Software\Policies\Microsoft\Windows NT\Printers","RegisterSpoolerRemoteRpcEndPoint","resolved:raw"
18.7.2,L1,Automated,18,"Ensure 'Configure Redirection Guard' is set to 'Enabled: Redirection Guard Enabled'","Enabled: Redirection Guard Enabled",RegistrySettings-Standalone.ps1,"HKLM\SOFTWARE\Policies\Microsoft\Windows NT\Printers","RedirectionguardPolicy","agreed"
18.7.3,L1,Automated,18,"Ensure 'Configure RPC connection settings: Protocol to use for outgoing RPC connections' is set to 'Enabled: RPC over TCP'","Enabled: RPC over TCP",RegistrySettings-Standalone.ps1,"HKLM\SOFTWARE\Policies\Microsoft\Windows NT\Printers\RPC","RpcUseNamedPipeProtocol","resolved:raw"
18.7.4,L1,Automated,18,"Ensure 'Configure RPC connection settings: Use authentication for outgoing RPC connections' is set to 'Enabled: Default'","Enabled: Default",RegistrySettings-Standalone.ps1,"HKLM\SOFTWARE\Policies\Microsoft\Windows NT\Printers\RPC","RpcAuthentication","agreed"
18.7.5,L1,Automated,18,"Ensure 'Configure RPC listener settings: Protocols to allow for incoming RPC connections' is set to 'Enabled: RPC over TCP'","Enabled: RPC over TCP",RegistrySettings-Standalone.ps1,"HKLM\SOFTWARE\Policies\Microsoft\Windows NT\Printers\RPC","RpcProtocols","resolved:raw"
18.7.6,L1,Automated,18,"Ensure 'Configure RPC listener settings: Authentication protocol to use for incoming RPC connections:' is set to 'Enabled: Negotiate' or higher","Enabled: Negotiate or higher",RegistrySettings-Standalone.ps1,"HKLM\SOFTWARE\Policies\Microsoft\Windows NT\Printers\RPC","ForceKerberosForRpc","agreed"
18.7.7,L1,Automated,18,"Ensure 'Configure RPC over TCP port' is set to 'Enabled: 0'","Enabled: 0",RegistrySettings-Standalone.ps1,"HKLM\SOFTWARE\Policies\Microsoft\Windows NT\Printers\RPC","RpcTcpPort","agreed"
18.7.8,L1,Automated,18,"Ensure 'Configure RPC packet level privacy setting for incoming connections' is set to 'Enabled'","Enabled",RegistrySettings-Standalone.ps1,"HKLM\SYSTEM\CurrentControlSet\Control\Print","RpcAuthnLevelPrivacyEnabled","agreed"
18.7.10,L1,Automated,18,"Ensure 'Limits print driver installation to Administrators' is set to 'Enabled'","Enabled",RegistrySettings-Standalone.ps1,"HKLM\SOFTWARE\Policies\Microsoft\Windows NT\Printers\PointAndPrint","RestrictDriverInstallationToAdministrators","resolved:raw"
18.7.11,L1,Automated,18,"Ensure 'Manage processing of Queue-specific files' is set to 'Enabled: Limit Queue-specific files to Color profiles'","Enabled: Limit Queue-specific files to Color profiles",RegistrySettings-Standalone.ps1,"HKLM\SOFTWARE\Policies\Microsoft\Windows NT\Printers","CopyFilesPolicy","agreed"
18.7.12,L1,Automated,18,"Ensure 'Point and Print Restrictions: When installing drivers for a new connection' is set to 'Enabled: Show warning and elevation prompt'","Enabled: Show warning and elevation prompt",RegistrySettings-Standalone.ps1,"HKLM\Software\Policies\Microsoft\Windows NT\Printers\PointAndPrint","NoWarningNoElevationOnInstall","resolved:raw"
18.7.13,L1,Automated,18,"Ensure 'Point and Print Restrictions: When updating drivers for an existing connection' is set to 'Enabled: Show warning and elevation prompt'","Enabled: Show warning and elevation prompt",RegistrySettings-Standalone.ps1,"HKLM\Software\Policies\Microsoft\Windows NT\Printers\PointAndPrint","UpdatePromptSettings","resolved:raw"
18.9.3.1,L1,Automated,18,"Ensure 'Include command line in process creation events' is set to 'Enabled'","Enabled",RegistrySettings-Standalone.ps1,"HKLM\SOFTWARE\Microsoft\Windows\CurrentVersion\Policies\System\Audit","ProcessCreationIncludeCmdLine_Enabled","agreed"
18.9.4.1,L1,Automated,18,"Ensure 'Encryption Oracle Remediation' is set to 'Enabled: Force Updated Clients'","Enabled: Force Updated Clients",RegistrySettings-Standalone.ps1,"HKLM\SOFTWARE\Microsoft\Windows\CurrentVersion\Policies\System\CredSSP\Parameters","AllowEncryptionOracle","resolved:layout"
18.9.4.2,L1,Automated,18,"Ensure 'Remote host allows delegation of non- exportable credentials' is set to 'Enabled'","Enabled",RegistrySettings-Standalone.ps1,"HKLM\SOFTWARE\Policies\Microsoft\Windows\CredentialsDelegation","AllowProtectedCreds","agreed"
18.9.7.2,L1,Automated,18,"Ensure 'Prevent device metadata retrieval from the Internet' is set to 'Enabled'","Enabled",RegistrySettings-Standalone.ps1,"HKLM\SOFTWARE\Policies\Microsoft\Windows\Device Metadata","PreventDeviceMetadataFromNetwork","resolved:raw"
18.9.13.1,L1,Automated,18,"Ensure 'Boot-Start Driver Initialization Policy' is set to 'Enabled: Good, unknown and bad but critical'","Enabled: Good, unknown and bad but critical",RegistrySettings-Standalone.ps1,"HKLM\SYSTEM\CurrentControlSet\Policies\EarlyLaunch","DriverLoadPolicy","agreed"
18.9.19.2,L1,Automated,18,"Ensure 'Continue experiences on this device' is set to 'Disabled'","Disabled",RegistrySettings-Standalone.ps1,"HKLM\SOFTWARE\Policies\Microsoft\Windows\System","EnableCdp","agreed"
18.9.20.1.1,L1,Automated,18,"Ensure 'Turn off downloading of print drivers over HTTP' is set to 'Enabled'","Enabled",RegistrySettings-Standalone.ps1,"HKLM\SOFTWARE\Policies\Microsoft\Windows NT\Printers","DisableWebPnPDownload","agreed"
18.9.20.1.5,L1,Automated,18,"Ensure 'Turn off Internet download for Web publishing and online ordering wizards' is set to 'Enabled'","Enabled",RegistrySettings-Standalone.ps1,"HKLM\SOFTWARE\Microsoft\Windows\CurrentVersion\Policies\Explorer","NoWebServices","agreed"
18.9.24.1,L1,Automated,18,"Ensure 'Enumeration policy for external devices incompatible with Kernel DMA Protection' is set to 'Enabled: Block All'","Enabled: Block All",RegistrySettings-Standalone.ps1,"HKLM\SOFTWARE\Policies\Microsoft\Windows\Kernel DMA Protection","DeviceEnumerationPolicy","resolved:raw"
18.9.26.1,L1,Automated,18,"Ensure 'Allow Custom SSPs and APs to be loaded into LSASS' is set to 'Disabled'","Disabled",RegistrySettings-Standalone.ps1,"HKLM\SOFTWARE\Policies\Microsoft\Windows\System","AllowCustomSSPsAPs","agreed"
18.9.28.1,L1,Automated,18,"Ensure 'Block user from showing account details on sign-in' is set to 'Enabled'","Enabled",RegistrySettings-Standalone.ps1,"HKLM\SOFTWARE\Policies\Microsoft\Windows\System","BlockUserFromShowingAccountDetailsOnSignin","agreed"
18.9.28.2,L1,Automated,18,"Ensure 'Do not display network selection UI' is set to 'Enabled'","Enabled",RegistrySettings-Standalone.ps1,"HKLM\SOFTWARE\Policies\Microsoft\Windows\System","DontDisplayNetworkSelectionUI","agreed"
18.9.28.3,L1,Automated,18,"Ensure 'Turn off app notifications on the lock screen' is set to 'Enabled'","Enabled",RegistrySettings-Standalone.ps1,"HKLM\SOFTWARE\Policies\Microsoft\Windows\System","DisableLockScreenAppNotifications","agreed"
18.9.28.4,L1,Automated,18,"Ensure 'Turn on convenience PIN sign-in' is set to 'Disabled'","Disabled",RegistrySettings-Standalone.ps1,"HKLM\SOFTWARE\Policies\Microsoft\Windows\System","AllowDomainPINLogon","agreed"
18.9.33.6.3,L1,Automated,18,"Ensure 'Require a password when a computer wakes (on battery)' is set to 'Enabled'","Enabled",RegistrySettings-Standalone.ps1,"HKLM\SOFTWARE\Policies\Microsoft\Power\PowerSettings\0e796bdb-100d-47d6-a2d5-f7d2daa51f51","DCSettingIndex","resolved:layout"
18.9.33.6.4,L1,Automated,18,"Ensure 'Require a password when a computer wakes (plugged in)' is set to 'Enabled'","Enabled",RegistrySettings-Standalone.ps1,"HKLM\SOFTWARE\Policies\Microsoft\Power\PowerSettings\0e796bdb-100d-47d6-a2d5-f7d2daa51f51","ACSettingIndex","resolved:layout"
18.9.35.1,L1,Automated,18,"Ensure 'Configure Offer Remote Assistance' is set to 'Disabled'","Disabled",RegistrySettings-Standalone.ps1,"HKLM\SOFTWARE\Policies\Microsoft\Windows NT\Terminal Services","fAllowUnsolicited","resolved:raw"
18.9.35.2,L1,Automated,18,"Ensure 'Configure Solicited Remote Assistance' is set to 'Disabled'","Disabled",RegistrySettings-Standalone.ps1,"HKLM\SOFTWARE\Policies\Microsoft\Windows NT\Terminal Services","fAllowToGetHelp","agreed"
18.9.36.1,L1,Automated,18,"Ensure 'Enable RPC Endpoint Mapper Client Authentication' is set to 'Enabled'","Enabled",RegistrySettings-Standalone.ps1,"HKLM\SOFTWARE\Policies\Microsoft\Windows NT\Rpc","EnableAuthEpResolution","agreed"
18.9.51.1.1,L1,Automated,18,"Ensure 'Enable Windows NTP Client' is set to 'Enabled'","Enabled",RegistrySettings-Standalone.ps1,"HKLM\SOFTWARE\Policies\Microsoft\W32Time\TimeProviders\NtpClient","Enabled","agreed"
18.10.4.2,L1,Automated,18,"Ensure 'Not allow per-user unsigned packages to install by default (requires explicitly allow per install)' is set to 'Enabled'","Enabled",RegistrySettings-Standalone.ps1,"HKLM\SOFTWARE\Policies\Microsoft\Windows\Appx","DisablePerUserUnsignedPackagesByDefault","agreed"
18.10.6.1,L1,Automated,18,"Ensure 'Allow Microsoft accounts to be optional' is set to 'Enabled'","Enabled",RegistrySettings-Standalone.ps1,"HKLM\SOFTWARE\Microsoft\Windows\CurrentVersion\Policies\System","MSAOptional","agreed"
18.10.8.1,L1,Automated,18,"Ensure 'Disallow Autoplay for non-volume devices' is set to 'Enabled'","Enabled",RegistrySettings-Standalone.ps1,"HKLM\SOFTWARE\Policies\Microsoft\Windows\Explorer","NoAutoplayfornonVolume","agreed"
18.10.8.2,L1,Automated,18,"Ensure 'Set the default behavior for AutoRun' is set to 'Enabled: Do not execute any autorun commands'","Enabled: Do not execute any autorun commands",RegistrySettings-Standalone.ps1,"HKLM\SOFTWARE\Microsoft\Windows\CurrentVersion\Policies\Explorer","NoAutorun","agreed"
18.10.8.3,L1,Automated,18,"Ensure 'Turn off Autoplay' is set to 'Enabled: All drives'","Enabled: All drives",RegistrySettings-Standalone.ps1,"HKLM\SOFTWARE\Microsoft\Windows\CurrentVersion\Policies\Explorer","NoDriveTypeAutoRun","resolved:layout"
18.10.9.1.1,L1,Automated,18,"Ensure 'Configure enhanced anti-spoofing' is set to 'Enabled'","Enabled",RegistrySettings-Standalone.ps1,"HKLM\SOFTWARE\Policies\Microsoft\Biometrics\FacialFeatures","EnhancedAntiSpoofing","agreed"
18.10.13.1,L1,Automated,18,"Ensure 'Turn off cloud consumer account state content' is set to 'Enabled'","Enabled",RegistrySettings-Standalone.ps1,"HKLM\SOFTWARE\Policies\Microsoft\Windows\CloudContent","DisableConsumerAccountStateContent","agreed"
18.10.13.3,L1,Automated,18,"Ensure 'Turn off Microsoft consumer experiences' is set to 'Enabled'","Enabled",RegistrySettings-Standalone.ps1,"HKLM\SOFTWARE\Policies\Microsoft\Windows\CloudContent","DisableWindowsConsumerFeatures","agreed"
18.10.14.1,L1,Automated,18,"Ensure 'Require pin for pairing' is set to 'Enabled: First Time' OR 'Enabled: Always'","Enabled: First Time OR Enabled: Always",NEEDS REVIEW,"HKLM\SOFTWARE\Policies\Microsoft\Windows\Connect","RequirePinForPairing","agreed"
18.10.15.1,L1,Automated,18,"Ensure 'Do not display the password reveal button' is set to 'Enabled'","Enabled",RegistrySettings-Standalone.ps1,"HKLM\SOFTWARE\Policies\Microsoft\Windows\CredUI","DisablePasswordReveal","agreed"
18.10.15.2,L1,Automated,18,"Ensure 'Enumerate administrator accounts on elevation' is set to 'Disabled'","Disabled",RegistrySettings-Standalone.ps1,"HKLM\SOFTWARE\Microsoft\Windows\CurrentVersion\Policies\CredUI","EnumerateAdministrators","agreed"
18.10.16.1,L1,Automated,18,"Ensure 'Allow Diagnostic Data' is set to 'Enabled: Diagnostic data off (not recommended)' or 'Enabled: Send required diagnostic data'","Enabled: Diagnostic data off (not recommended) or Enabled: Send required diagnostic data",RegistrySettings-Standalone.ps1,"HKLM\SOFTWARE\Policies\Microsoft\Windows\DataCollection","AllowTelemetry","agreed"
18.10.16.3,L1,Automated,18,"Ensure 'Disable OneSettings Downloads' is set to 'Enabled'","Enabled",RegistrySettings-Standalone.ps1,"HKLM\SOFTWARE\Policies\Microsoft\Windows\DataCollection","DisableOneSettingsDownloads","agreed"
18.10.16.4,L1,Automated,18,"Ensure 'Do not show feedback notifications' is set to 'Enabled'","Enabled",RegistrySettings-Standalone.ps1,"HKLM\SOFTWARE\Policies\Microsoft\Windows\DataCollection","DoNotShowFeedbackNotifications","agreed"
18.10.16.5,L1,Automated,18,"Ensure 'Enable OneSettings Auditing' is set to 'Enabled'","Enabled",RegistrySettings-Standalone.ps1,"HKLM\SOFTWARE\Policies\Microsoft\Windows\DataCollection","EnableOneSettingsAuditing","agreed"
18.10.16.6,L1,Automated,18,"Ensure 'Limit Diagnostic Log Collection' is set to 'Enabled'","Enabled",RegistrySettings-Standalone.ps1,"HKLM\SOFTWARE\Policies\Microsoft\Windows\DataCollection","LimitDiagnosticLogCollection","agreed"
18.10.16.7,L1,Automated,18,"Ensure 'Limit Dump Collection' is set to 'Enabled'","Enabled",RegistrySettings-Standalone.ps1,"HKLM\SOFTWARE\Policies\Microsoft\Windows\DataCollection","LimitDumpCollection","agreed"
18.10.18.2,L1,Automated,18,"Ensure 'Enable App Installer Experimental Features' is set to 'Disabled'","Disabled",RegistrySettings-Standalone.ps1,"HKLM\SOFTWARE\Policies\Microsoft\Windows\AppInstaller","EnableExperimentalFeatures","agreed"
18.10.18.3,L1,Automated,18,"Ensure 'Enable App Installer Hash Override' is set to 'Disabled'","Disabled",RegistrySettings-Standalone.ps1,"HKLM\SOFTWARE\Policies\Microsoft\Windows\AppInstaller","EnableHashOverride","agreed"
18.10.18.4,L1,Automated,18,"Ensure 'Enable App Installer Local Archive Malware Scan Override' is set to 'Disabled'","Disabled",RegistrySettings-Standalone.ps1,"HKLM\SOFTWARE\Policies\Microsoft\Windows\AppInstaller","EnableLocalArchiveMalwareScanOverride","agreed"
18.10.18.5,L1,Automated,18,"Ensure 'Enable App Installer ms-appinstaller protocol' is set to 'Disabled'","Disabled",RegistrySettings-Standalone.ps1,"HKLM\SOFTWARE\Policies\Microsoft\Windows\AppInstaller","EnableMSAppInstallerProtocol","agreed"
18.10.18.6,L1,Automated,18,"Ensure 'Enable App Installer Microsoft Store Source Certificate Validation Bypass' is set to 'Disabled'","Disabled",RegistrySettings-Standalone.ps1,"HKLM\SOFTWARE\Policies\Microsoft\Windows\AppInstaller","EnableBypassCertificatePinningForMicrosoftStore","agreed"
18.10.26.1.1,L1,Automated,18,"Ensure 'Application: Control Event Log behavior when the log file reaches its maximum size' is set to 'Disabled'","Disabled",RegistrySettings-Standalone.ps1,"HKLM\SOFTWARE\Policies\Microsoft\Windows\EventLog\Application","Retention","agreed"
18.10.26.1.2,L1,Automated,18,"Ensure 'Application: Specify the maximum log file size (KB)' is set to 'Enabled: 32,768 or greater'","Enabled: 32,768 or greater",RegistrySettings-Standalone.ps1,"HKLM\SOFTWARE\Policies\Microsoft\Windows\EventLog\Application","MaxSize","agreed"
18.10.26.2.1,L1,Automated,18,"Ensure 'Security: Control Event Log behavior when the log file reaches its maximum size' is set to 'Disabled'","Disabled",RegistrySettings-Standalone.ps1,"HKLM\SOFTWARE\Policies\Microsoft\Windows\EventLog\Security","Retention","agreed"
18.10.26.2.2,L1,Automated,18,"Ensure 'Security: Specify the maximum log file size (KB)' is set to 'Enabled: 196,608 or greater'","Enabled: 196,608 or greater",RegistrySettings-Standalone.ps1,"HKLM\SOFTWARE\Policies\Microsoft\Windows\EventLog\Security","MaxSize","agreed"
18.10.26.3.1,L1,Automated,18,"Ensure 'Setup: Control Event Log behavior when the log file reaches its maximum size' is set to 'Disabled'","Disabled",RegistrySettings-Standalone.ps1,"HKLM\SOFTWARE\Policies\Microsoft\Windows\EventLog\Setup","Retention","agreed"
18.10.26.3.2,L1,Automated,18,"Ensure 'Setup: Specify the maximum log file size (KB)' is set to 'Enabled: 32,768 or greater'","Enabled: 32,768 or greater",RegistrySettings-Standalone.ps1,"HKLM\SOFTWARE\Policies\Microsoft\Windows\EventLog\Setup","MaxSize","agreed"
18.10.26.4.1,L1,Automated,18,"Ensure 'System: Control Event Log behavior when the log file reaches its maximum size' is set to 'Disabled'","Disabled",RegistrySettings-Standalone.ps1,"HKLM\SOFTWARE\Policies\Microsoft\Windows\EventLog\System","Retention","agreed"
18.10.26.4.2,L1,Automated,18,"Ensure 'System: Specify the maximum log file size (KB)' is set to 'Enabled: 32,768 or greater'","Enabled: 32,768 or greater",RegistrySettings-Standalone.ps1,"HKLM\SOFTWARE\Policies\Microsoft\Windows\EventLog\System","MaxSize","agreed"
18.10.29.2,L1,Automated,18,"Ensure 'Do not apply the Mark of the Web tag to files copied from insecure sources' is set to 'Disabled'","Disabled",RegistrySettings-Standalone.ps1,"HKLM\SOFTWARE\Policies\Microsoft\Windows\Explorer","DisableMotWOnInsecurePathCopy","agreed"
18.10.29.3,L1,Automated,18,"Ensure 'Turn off Data Execution Prevention for Explorer' is set to 'Disabled'","Disabled",RegistrySettings-Standalone.ps1,"HKLM\SOFTWARE\Policies\Microsoft\Windows\Explorer","NoDataExecutionPrevention","agreed"
18.10.29.4,L1,Automated,18,"Ensure 'Turn off heap termination on corruption' is set to 'Disabled'","Disabled",RegistrySettings-Standalone.ps1,"HKLM\SOFTWARE\Policies\Microsoft\Windows\Explorer","NoHeapTerminationOnCorruption","agreed"
18.10.29.5,L1,Automated,18,"Ensure 'Turn off shell protocol protected mode' is set to 'Disabled'","Disabled",RegistrySettings-Standalone.ps1,"HKLM\SOFTWARE\Microsoft\Windows\CurrentVersion\Policies\Explorer","PreXPSP2ShellProtocolBehavior","agreed"
18.10.42.1,L1,Automated,18,"Ensure 'Block all consumer Microsoft account user authentication' is set to 'Enabled'","Enabled",RegistrySettings-Standalone.ps1,"HKLM\SOFTWARE\Policies\Microsoft\MicrosoftAccount","DisableUserAuth","agreed"
18.10.43.4.1,L1,Automated,18,"Ensure 'Enable EDR in block mode' is set to 'Enabled'","Enabled",RegistrySettings-Standalone.ps1,"HKLM\SOFTWARE\Policies\Microsoft\Windows Defender\Features","PassiveRemediation","agreed"
18.10.43.5.1,L1,Automated,18,"Ensure 'Configure local setting override for reporting to Microsoft MAPS' is set to 'Disabled'","Disabled",RegistrySettings-Standalone.ps1,"HKLM\SOFTWARE\Policies\Microsoft\Windows Defender\Spynet","LocalSettingOverrideSpynetReporting","resolved:raw"
18.10.43.6.1.1,L1,Automated,18,"Ensure 'Configure Attack Surface Reduction rules' is set to 'Enabled'","Enabled",RegistrySettings-Standalone.ps1,"HKLM\SOFTWARE\Policies\Microsoft\Windows Defender\Windows Defender Exploit Guard\ASR","ExploitGuard_ASR_Rules","resolved:raw"
18.10.43.6.1.2,L1,Automated,18,"Ensure 'Configure Attack Surface Reduction rules: Set the state for each ASR rule' is configured","26190899-1602-49e8-8b27-eb1d0a1ce869 - 1 (Block Office communication application from creating child processes) 3b576869-a4ec-4529-8536-b80a7769e899 - 1 (Block Office applications from creating executable content) 56a863a9-875e-4185-98a7-b882c64b5ce5 - 1 (Block abuse of exploited vulnerable signed drivers) 5beb7efe-fd9a-4556-801d-275e5ffc04cc - 1 (Block execution of potentially obfuscated scripts) 75668c1f-73b5-4cf0-bb93-3ecf5cb7cc84 - 1 (Block Office applications from injecting code into other processes) 7674ba52-37eb-4a4f-a9a1-f0f9a1619a2c - 1 (Block Adobe Reader from creating child processes) 9e6c4e1f-7d60-472f-ba1a-a39ef669e4b2 - 1 (Block credential stealing from the Windows local security authority subsystem (lsass.exe)) b2b3f03d-6a65-4f7b-a9c7-1c7ef74a9ba4 - 1 (Block untrusted and unsigned processes that run from USB) be9ba2d9-53ea-4cdc-84e5-9b1eeee46550 - 1 (Block executable content from email client and webmail) d3e037e1-3eb8-44c8-a917-57927947596d - 1 (Block JavaScript or VBScript from launching downloaded executable content) d4f940ab-401b-4efc-aadc-ad5f3c50688a - 1 (Block Office applications from creating child processes) e6db77e5-3df2-4cf1-b95a-636979351e5b - 1 (Block persistence through WMI event subscription)",NEEDS REVIEW,"","",""
18.10.43.6.3.1,L1,Automated,18,"Ensure 'Prevent users and apps from accessing dangerous websites' is set to 'Enabled: Block'","Enabled: Block",RegistrySettings-Standalone.ps1,"HKLM\SOFTWARE\Policies\Microsoft\Windows Defender\Windows Defender Exploit Guard\Network Protection","EnableNetworkProtection","agreed"
18.10.43.7.1,L1,Automated,18,"Ensure 'Enable file hash computation feature' is set to 'Enabled'","Enabled",RegistrySettings-Standalone.ps1,"HKLM\SOFTWARE\Policies\Microsoft\Windows Defender\MpEngine","EnableFileHashComputation","resolved:raw"
18.10.43.10.1,L1,Automated,18,"Ensure 'Configure real-time protection and Security Intelligence Updates during OOBE' is set to 'Enabled'","Enabled",RegistrySettings-Standalone.ps1,"HKLM\SOFTWARE\Policies\Microsoft\Windows Defender\Real-Time Protection","OobeEnableRtpAndSigUpdate","resolved:raw"
18.10.43.10.2,L1,Automated,18,"Ensure 'Scan all downloaded files and attachments' is set to 'Enabled'","Enabled",RegistrySettings-Standalone.ps1,"HKLM\SOFTWARE\Policies\Microsoft\Windows Defender\Real-Time Protection","DisableIOAVProtection","resolved:raw"
18.10.43.10.3,L1,Automated,18,"Ensure 'Turn off real-time protection' is set to 'Disabled'","Disabled",RegistrySettings-Standalone.ps1,"HKLM\SOFTWARE\Policies\Microsoft\Windows Defender\Real-Time Protection","DisableRealtimeMonitoring","resolved:raw"
18.10.43.10.4,L1,Automated,18,"Ensure 'Turn on behavior monitoring' is set to 'Enabled'","Enabled",RegistrySettings-Standalone.ps1,"HKLM\SOFTWARE\Policies\Microsoft\Windows Defender\Real-Time Protection","DisableBehaviorMonitoring","resolved:raw"
18.10.43.10.5,L1,Automated,18,"Ensure 'Turn on script scanning' is set to 'Enabled'","Enabled",RegistrySettings-Standalone.ps1,"HKLM\SOFTWARE\Policies\Microsoft\Windows Defender\Real-Time Protection","DisableScriptScanning","resolved:raw"
18.10.43.11.1.1.2,L1,Automated,18,"Ensure 'Configure Remote Encryption Protection Mode' is set to 'Enabled: Audit' or higher","Enabled:",RegistrySettings-Standalone.ps1,"HKLM\SOFTWARE\Policies\Microsoft\Windows Defender\Remediation\Behavioral Network Blocks\Brute Force Protection","BruteForceProtectionConfiguredState","agreed"
18.10.43.13.1,L1,Automated,18,"Ensure 'Scan excluded files and directories during quick scans' is set to 'Enabled: 1'","Enabled: 1",RegistrySettings-Standalone.ps1,"HKLM\SOFTWARE\Policies\Microsoft\Windows Defender\Scan","QuickScanIncludeExclusions","resolved:raw"
18.10.43.13.2,L1,Automated,18,"Ensure 'Scan packed executables' is set to 'Enabled'","Enabled",RegistrySettings-Standalone.ps1,"HKLM\SOFTWARE\Policies\Microsoft\Windows Defender\Scan","DisablePackedExeScanning","resolved:raw"
18.10.43.13.3,L1,Automated,18,"Ensure 'Scan removable drives' is set to 'Enabled'","Enabled",RegistrySettings-Standalone.ps1,"HKLM\SOFTWARE\Policies\Microsoft\Windows Defender\Scan","DisableRemovableDriveScanning","resolved:raw"
18.10.43.13.4,L1,Automated,18,"Ensure 'Trigger a quick scan after X days without any scans' is set to 'Enabled: 7'","Enabled: 7 days",RegistrySettings-Standalone.ps1,"HKLM\SOFTWARE\Policies\Microsoft\Windows Defender\Scan","DaysUntilAggressiveCatchupQuickScan","resolved:raw"
18.10.43.13.5,L1,Automated,18,"Ensure 'Turn on e-mail scanning' is set to 'Enabled'","Enabled",RegistrySettings-Standalone.ps1,"HKLM\SOFTWARE\Policies\Microsoft\Windows Defender\Scan","DisableEmailScanning","agreed"
18.10.43.16,L1,Automated,18,"Ensure 'Configure detection for potentially unwanted applications' is set to 'Enabled: Block'","Enabled: Block",RegistrySettings-Standalone.ps1,"HKLM\SOFTWARE\Policies\Microsoft\Windows Defender","PUAProtection","agreed"
18.10.43.17,L1,Automated,18,"Ensure 'Control whether exclusions are visible to local users' is set to 'Enabled'","Enabled",RegistrySettings-Standalone.ps1,"HKLM\SOFTWARE\Policies\Microsoft\Windows Defender","HideExclusionsFromLocalUsers","resolved:raw"
18.10.51.1,L1,Automated,18,"Ensure 'Prevent the usage of OneDrive for file storage' is set to 'Enabled'","Enabled",RegistrySettings-Standalone.ps1,"HKLM\SOFTWARE\Policies\Microsoft\Windows\OneDrive","DisableFileSyncNGSC","agreed"
18.10.57.2.2,L1,Automated,18,"Ensure 'Do not allow passwords to be saved' is set to 'Enabled'","Enabled",RegistrySettings-Standalone.ps1,"HKLM\SOFTWARE\Policies\Microsoft\Windows NT\Terminal Services","DisablePasswordSaving","resolved:raw"
18.10.57.3.3.3,L1,Automated,18,"Ensure 'Do not allow drive redirection' is set to 'Enabled'","Enabled",RegistrySettings-Standalone.ps1,"HKLM\SOFTWARE\Policies\Microsoft\Windows NT\Terminal Services","fDisableCdm","agreed"
18.10.57.3.9.1,L1,Automated,18,"Ensure 'Always prompt for password upon connection' is set to 'Enabled'","Enabled",RegistrySettings-Standalone.ps1,"HKLM\SOFTWARE\Policies\Microsoft\Windows NT\Terminal Services","fPromptForPassword","resolved:raw"
18.10.57.3.9.2,L1,Automated,18,"Ensure 'Require secure RPC communication' is set to 'Enabled'","Enabled",RegistrySettings-Standalone.ps1,"HKLM\SOFTWARE\Policies\Microsoft\Windows NT\Terminal Services","fEncryptRPCTraffic","resolved:raw"
18.10.57.3.9.3,L1,Automated,18,"Ensure 'Require use of specific security layer for remote (RDP) connections' is set to 'Enabled: SSL'","Enabled: SSL",RegistrySettings-Standalone.ps1,"HKLM\SOFTWARE\Policies\Microsoft\Windows NT\Terminal Services","SecurityLayer","agreed"
18.10.57.3.9.4,L1,Automated,18,"Ensure 'Require user authentication for remote connections by using Network Level Authentication' is set to 'Enabled'","Enabled",RegistrySettings-Standalone.ps1,"HKLM\SOFTWARE\Policies\Microsoft\Windows NT\Terminal Services","UserAuthentication","resolved:raw"
18.10.57.3.9.5,L1,Automated,18,"Ensure 'Set client connection encryption level' is set to 'Enabled: High Level'","Enabled: High Level",RegistrySettings-Standalone.ps1,"HKLM\SOFTWARE\Policies\Microsoft\Windows NT\Terminal Services","MinEncryptionLevel","resolved:raw"
18.10.57.3.11.1,L1,Automated,18,"Ensure 'Do not delete temp folders upon exit' is set to 'Disabled'","Disabled",RegistrySettings-Standalone.ps1,"HKLM\SOFTWARE\Policies\Microsoft\Windows NT\Terminal Services","DeleteTempDirsOnExit","resolved:raw"
18.10.57.3.11.2,L1,Automated,18,"Ensure 'Do not use temporary folders per session' is set to 'Disabled'","Disabled",RegistrySettings-Standalone.ps1,"HKLM\SOFTWARE\Policies\Microsoft\Windows NT\Terminal Services","PerSessionTempDir","resolved:raw"
18.10.58.1,L1,Automated,18,"Ensure 'Prevent downloading of enclosures' is set to 'Enabled'","Enabled",RegistrySettings-Standalone.ps1,"HKLM\SOFTWARE\Policies\Microsoft\Internet Explorer\Feeds","DisableEnclosureDownload","resolved:raw"
18.10.58.2,L1,Automated,18,"Ensure 'Turn on Basic feed authentication over HTTP' is set to 'Disabled'","Disabled",RegistrySettings-Standalone.ps1,"HKLM\Software\Policies\Microsoft\Internet Explorer\Feeds","AllowBasicAuthInClear","resolved:raw"
18.10.59.3,L1,Automated,18,"Ensure 'Allow indexing of encrypted files' is set to 'Disabled'","Disabled",RegistrySettings-Standalone.ps1,"HKLM\SOFTWARE\Policies\Microsoft\Windows\Windows Search","AllowIndexingEncryptedStoresOrItems","resolved:raw"
18.10.76.2.1,L1,Automated,18,"Ensure 'Configure Windows Defender SmartScreen' is set to 'Enabled: Warn and prevent bypass'","Enabled: Warn and prevent bypass",RegistrySettings-Standalone.ps1,"HKLM\SOFTWARE\Policies\Microsoft\Windows\System:EnableSmartScre en HKEY_LOCAL_MACHINE\SOFTWARE\Policies\Microsoft\Windows\System","ShellSmartScreenLevel","agreed"
18.10.80.2,L1,Automated,18,"Ensure 'Allow Windows Ink Workspace' is set to 'Enabled: On, but disallow access above lock' OR 'Enabled: Disabled'","Enabled: On, but disallow access above lock OR Enabled: Disabled",RegistrySettings-Standalone.ps1,"HKLM\SOFTWARE\Policies\Microsoft\WindowsInkWorkspace","AllowWindowsInkWorkspace","agreed"
18.10.81.1,L1,Automated,18,"Ensure 'Allow user control over installs' is set to 'Disabled'","Disabled",RegistrySettings-Standalone.ps1,"HKLM\SOFTWARE\Policies\Microsoft\Windows\Installer","EnableUserControl","agreed"
18.10.81.2,L1,Automated,18,"Ensure 'Always install with elevated privileges' is set to 'Disabled'","Disabled",RegistrySettings-Standalone.ps1,"HKLM\SOFTWARE\Policies\Microsoft\Windows\Installer","AlwaysInstallElevated","agreed"
18.10.82.1,L1,Automated,18,"Ensure 'Configure the transmission of the user's password in the content of MPR notifications sent by winlogon.' is set to 'Disabled'","Disabled",RegistrySettings-Standalone.ps1,"HKLM\SOFTWARE\Microsoft\Windows\CurrentVersion\Policies\System","EnableMPR","agreed"
18.10.82.2,L1,Automated,18,"Ensure 'Sign-in and lock last interactive user automatically after a restart' is set to 'Disabled'","Disabled",RegistrySettings-Standalone.ps1,"HKLM\SOFTWARE\Microsoft\Windows\CurrentVersion\Policies\System","DisableAutomaticRestartSignOn","agreed"
18.10.89.1.1,L1,Automated,18,"Ensure 'Allow Basic authentication' is set to 'Disabled'","Disabled",RegistrySettings-Standalone.ps1,"HKLM\SOFTWARE\Policies\Microsoft\Windows\WinRM\Client","AllowBasic","agreed"
18.10.89.1.2,L1,Automated,18,"Ensure 'Allow unencrypted traffic' is set to 'Disabled'","Disabled",RegistrySettings-Standalone.ps1,"HKLM\SOFTWARE\Policies\Microsoft\Windows\WinRM\Client","AllowUnencryptedTraffic","agreed"
18.10.89.1.3,L1,Automated,18,"Ensure 'Disallow Digest authentication' is set to 'Enabled'","Enabled",RegistrySettings-Standalone.ps1,"HKLM\SOFTWARE\Policies\Microsoft\Windows\WinRM\Client","AllowDigest","agreed"
18.10.89.2.1,L1,Automated,18,"Ensure 'Allow Basic authentication' is set to 'Disabled'","Disabled",RegistrySettings-Standalone.ps1,"HKLM\SOFTWARE\Policies\Microsoft\Windows\WinRM\Service","AllowBasic","agreed"
18.10.89.2.3,L1,Automated,18,"Ensure 'Allow unencrypted traffic' is set to 'Disabled'","Disabled",RegistrySettings-Standalone.ps1,"HKLM\SOFTWARE\Policies\Microsoft\Windows\WinRM\Service","AllowUnencryptedTraffic","agreed"
18.10.89.2.4,L1,Automated,18,"Ensure 'Disallow WinRM from storing RunAs credentials' is set to 'Enabled'","Enabled",RegistrySettings-Standalone.ps1,"HKLM\SOFTWARE\Policies\Microsoft\Windows\WinRM\Service","DisableRunAs","agreed"
18.10.92.2.1,L1,Automated,18,"Ensure 'Prevent users from modifying settings' is set to 'Enabled'","Enabled",RegistrySettings-Standalone.ps1,"HKLM\SOFTWARE\Policies\Microsoft\Windows Defender Security Center\App and Browser protection","DisallowExploitProtectionOverride","agreed"
18.10.93.1.1,L1,Automated,18,"Ensure 'No auto-restart with logged on users for scheduled automatic updates installations' is set to 'Disabled'","Disabled",RegistrySettings-Standalone.ps1,"HKLM\SOFTWARE\Policies\Microsoft\Windows\WindowsUpdate\AU","NoAutoRebootWithLoggedOnUsers","agreed"
18.10.93.2.1,L1,Automated,18,"Ensure 'Configure Automatic Updates' is set to 'Enabled'","Enabled",RegistrySettings-Standalone.ps1,"HKLM\SOFTWARE\Policies\Microsoft\Windows\WindowsUpdate\AU","NoAutoUpdate","agreed"
18.10.93.2.2,L1,Automated,18,"Ensure 'Configure Automatic Updates: Scheduled install day' is set to '0 - Every day'","0 - Every day",RegistrySettings-Standalone.ps1,"HKLM\SOFTWARE\Policies\Microsoft\Windows\WindowsUpdate\AU","ScheduledInstallDay","agreed"
18.10.93.4.1,L1,Automated,18,"Ensure 'Manage preview builds' is set to 'Disabled'","Disabled",RegistrySettings-Standalone.ps1,"HKLM\SOFTWARE\Policies\Microsoft\Windows\WindowsUpdate","ManagePreviewBuildsPolicyValue","agreed"
18.10.93.4.2,L1,Automated,18,"Ensure 'Select when Preview Builds and Feature Updates are received' is set to 'Enabled: 180 or more days'","Enabled: 180 or more days",RegistrySettings-Standalone.ps1,"HKLM\SOFTWARE\Policies\Microsoft\Windows\WindowsUpdate:DeferFea tureUpdates HKEY_LOCAL_MACHINE\SOFTWARE\Policies\Microsoft\Windows\WindowsUpdate","DeferFeatureUpdatesPeriodInDays","agreed"
18.10.93.4.3,L1,Automated,18,"Ensure 'Select when Quality Updates are received' is set to 'Enabled: 0 days'","Enabled: 0 days",RegistrySettings-Standalone.ps1,"HKLM\SOFTWARE\Policies\Microsoft\Windows\WindowsUpdate:DeferQua lityUpdates HKEY_LOCAL_MACHINE\SOFTWARE\Policies\Microsoft\Windows\WindowsUpdate","DeferQualityUpdatesPeriodInDays","agreed"
19.5.1.1,L1,Automated,19,"Ensure 'Turn off toast notifications on the lock screen' is set to 'Enabled'","Enabled",RegistrySettings-Standalone.ps1,"HKU\[USER SID]\Software\Policies\Microsoft\Windows\CurrentVersion\PushNotifications","NoToastApplicationNotificationOnLockScreen","resolved:raw(real-space)"
19.7.5.1,L1,Automated,19,"Ensure 'Do not preserve zone information in file attachments' is set to 'Disabled'","Disabled",RegistrySettings-Standalone.ps1,"HKU\[USER SID]\Software\Microsoft\Windows\CurrentVersion\Policies\Attachments","SaveZoneInformation","resolved:raw(real-space)"
19.7.5.2,L1,Automated,19,"Ensure 'Notify antivirus programs when opening attachments' is set to 'Enabled'","Enabled",RegistrySettings-Standalone.ps1,"HKU\[USER SID]\Software\Microsoft\Windows\CurrentVersion\Policies\Attachments","ScanWithAntiVirus","resolved:raw(real-space)"
19.7.8.1,L1,Automated,19,"Ensure 'Configure Windows spotlight on lock screen' is set to 'Disabled'","Disabled",RegistrySettings-Standalone.ps1,"HKU\[USER SID]\Software\Policies\Microsoft\Windows\CloudContent","ConfigureWindowsSpotlight","resolved:raw(real-space)"
19.7.8.2,L1,Automated,19,"Ensure 'Do not suggest third-party content in Windows spotlight' is set to 'Enabled'","Enabled",RegistrySettings-Standalone.ps1,"HKU\[USER SID]\Software\Policies\Microsoft\Windows\CloudContent","DisableThirdPartySuggestions","resolved:raw(real-space)"
19.7.8.5,L1,Automated,19,"Ensure 'Turn off Spotlight collection on Desktop' is set to 'Enabled'","Enabled",NEEDS REVIEW,"HKU\[USER SID]\SOFTWARE\Policies\Microsoft\Windows\CloudContent","DisableSpotlightCollectionOnDesktop","resolved:raw(real-space)"
19.7.26.1,L1,Automated,19,"Ensure 'Prevent users from sharing files within their profile.' is set to 'Enabled'","Enabled",RegistrySettings-Standalone.ps1,"HKU\[USER SID]\Software\Microsoft\Windows\CurrentVersion\Policies\Explorer","NoInplaceSharing","resolved:raw(real-space)"
19.7.44.1,L1,Automated,19,"Ensure 'Always install with elevated privileges' is set to 'Disabled'","Disabled",RegistrySettings-Standalone.ps1,"HKU\[USER SID]\Software\Policies\Microsoft\Windows\Installer","AlwaysInstallElevated","resolved:raw(real-space)"
